Property,Score
Data Validity,100.0
Data Structure,100.0
Relationship Validity,99.5575221238938
Average Total,99.85250737463127
Column Shapes,97.27696583272576
Column Pair Trends,87.6484886316347
Cardinality,98.4070796460177
Intertable Trends,92.06878396953304
Average Total,93.85032951997782
